Shared pouch options,,,,,,,,
https://your-store.myshopify.com/products/replace-with-blue-pouch-handle,,,,,,,,
https://your-store.myshopify.com/products/replace-with-red-pouch-handle,,,,,,,,
https://your-store.myshopify.com/products/replace-with-black-pouch-handle,,,,,,,,
,,,,,,,,
Sl No,Size,1,10,50,100,300,500,1000
1,"7.5"" x 3.5"" by 3.5""",300,180,130,110,105,100,90
,,,,,,,,
,,,,,,,,
,,,,,,,,
,,,,,,,,
HOW TO USE,,,,,,,,
Replace the group name in the first row.,,,,,,,,
Replace the sample product URLs with your product URLs. Keep one URL per row and remove unused URLs.,,,,,,,,
All listed products share the same options and prices.,,,,,,,,
Edit the Size values and add more size rows directly below the sample row.,,,,,,,,
Edit the quantity headers and enter a per-piece rate below each quantity.,,,,,,,,
"Example: quantity 10 at rate 180 becomes a total price of Rs. 1,800.",,,,,,,,
For Size and Color together add a Color column before the first quantity and one row per combination.,,,,,,,,
Keep the header row and do not enter total prices in the rate cells.,,,,,,,,
Save as UTF-8 CSV then upload and preview before importing.,,,,,,,,
